stratum,note_id,title,creator_view,view_pct,fee,imp,leads,msg,fee_pct,imp_pct,lead_cost,msg_cost,cpc,ctr,paid_months
A,63b39fb50000000022034167,岛台避坑指南来了🤓四条干货 赶紧收藏,8050.0,98.9,,,,,,,,,,,0
A,644f61c100000000270138cb,岛台定制必看的!?️服务流程及注意事项🚛,2039.0,96.6,,,,,,,,,,,0
A,64a9073c000000002301ce53,岛台无主灯设计避坑❗6步提升灯光高级感,1291.0,94.8,,,,,,,,,,,0
A,64ab67200000000015033779,"不懂5个⚠️核心灯光元素,❗🚗难怪你翻车",6262.0,98.7,,,,,,,,,,,0
A,64b519d7000000003102cfc1,餐厨水电重灾区❗️3个核心标准⚠️不翻车,963.0,91.2,,,,,,,,,,,0
A,64cccafd000000001700e269,任重修行 被认可是幸福❤️被信任更是责任,1922.0,96.4,,,,,,,,,,,0
A,64ce0f9e000000000c034d15,岛台无主💡灯设计避坑🔥5步提升高级感,1286.0,94.8,,,,,,,,,,,0
A,64ce1ca7000000000c037750,"不懂5个⚠️核心灯光元素,❗🚗难怪你翻车",1251.0,94.6,,,,,,,,,,,0
A,64d5f9cc000000000800fbb7,2023年潮流预测🔥微水泥奶油风❗伸缩岛台,679.0,81.8,,,,,,,,,,,0
A,64e42823000000000800c82d,我发现🆘2023年岛台灯光万能🔥6个逻辑,35187.0,99.6,,,,,,,,,,,0
A,64e5d467000000001700e62d,白嫖王炸✅8个秘诀教程提高奶油极简风100%,675.0,81.4,,,,,,,,,,,0
A,64f158f4000000001d014203,小户型进门就是厨房❗岛台这样做好看又好用,40126.0,99.6,,,,,,,,,,,0
A,650804a9000000001f006838,2023年蕞火⚠️圆弧岛台避坑❗买前看好4点,665.0,80.9,,,,,,,,,,,0
A,6513ed86000000001f0397a4,"撑握5个⚠️核心灯光元素,❗🚗保你不翻车",708.0,83.5,,,,,,,,,,,0
A,653369eb000000001f0371b1,2023年潮流预测🔥微水泥奶油风伸缩岛台,624.0,77.8,,,,,,,,,,,0
B,63aabcfd000000001b016364,做了这岛台😎你就是整栋楼里最靓的邻居,239.0,43.3,,,,,,,,,,,0
B,63abb6d7000000001b0250a4,开放式厨房餐厅客厅一体😍岛台定制设计,250.0,43.9,,,,,,,,,,,0
B,63abea1300000000180102e4,高级感满满🥳开放式西厨大吧台,337.0,48.5,,,,,,,,,,,0
B,63bfed27000000002202be8a,开放式厨房岛台尺寸讲解👍建议你码住❗,283.0,45.6,,,,,,,,,,,0
B,63c5675a000000001c034435,餐厅布局案例:错位岛台让餐厅提高档次❗,367.0,49.9,,,,,,,,,,,0
B,63ca7af6000000001f0270f4,传统餐桌还需要做吗❓西厨大岛台做起来❗,262.0,44.6,,,,,,,,,,,0
B,63cbae35000000001f0207c7,岛台可以没有脚吗❓围观,254.0,44.0,,,,,,,,,,,0
B,63d32872000000001c0063d4,开放式厨房怎么做❓攻略来啦❗建议直接抄❗,226.0,42.8,,,,,,,,,,,0
B,63d8f790000000001d023407,做一个功能岛台太香啦❗幸亏听了邻居的建议,289.0,45.9,,,,,,,,,,,0
B,63d9d851000000001b01e56c,2023年做岛台餐桌一体还来得及吗❓建议考虑,239.0,43.3,,,,,,,,,,,0
B,63db9b2500000000080241db,一种岛台当两个用❗餐厅的颜值当当,259.0,44.4,,,,,,,,,,,0
B,63eca0e2000000001301389e,悬空岛台用金属钢架制作怎么没有脚❓,240.0,43.3,,,,,,,,,,,0
B,63edf1c1000000001300ee52,爸妈都不看好的岛台实际安装好真的是太美啦,213.0,41.9,,,,,,,,,,,0
B,647d3198000000000703ba86,炫酷的氛围灯💡让家里档次瞬间提升👑,352.0,49.4,,,,,,,,,,,0
B,64ec6a730000000017018219,新家装修必备❗圆弧岛台收藏✅这一篇就够了,217.0,42.1,,,,,,,,,,,0
D,63bac1840000000018013e62,2025年流行款:胡桃木+劳伦黑岩板岛台🔥,17848.0,99.3,8.58,357.0,0.0,0.0,90.7,93.7,,,0.22,0.1092,5
D,63d1e16b000000001c00586f,错位岛台要不要做❓配上亚克力脚太美了❗,804.0,87.7,1.7,218.0,0.0,0.0,75.4,90.4,,,0.1,0.078,5
D,6443a4b900000000270127b2,自制花费4K中岛台细节来咯?隐藏实用功能,512.0,64.7,5.29,72.0,0.0,0.0,86.8,80.1,,,0.35,0.2083,5
D,64b751b5000000002f026c7b,掌握5大🔥核心尺寸标准❗🚗保你不翻车,28069.0,99.4,3.7,121.0,0.0,0.0,83.7,85.7,,,0.19,0.157,5
D,64db4e87000000001701a578,救命🆘岛台工厂大牌平替被我找到了❗💡,5850.0,98.6,26.32,165.0,0.0,0.0,98.1,89.1,,,1.46,0.1091,5
D,65080ae0000000001e020f0f,就是它圆弧岛台⚠️我老婆喜欢的这款岛台❗,529.0,67.1,3.5,61.0,0.0,0.0,83.4,78.0,,,1.17,0.0492,5
D,650ed207000000001f004d91,小户型开间2.4米❗岛台尺寸布局避免踩坑❓,2482.0,97.2,5.81,70.0,0.0,0.0,87.9,79.3,,,0.65,0.1286,5
D,654340ba000000001e0299de,请大数据把我推给🔥进门就是小厨房的户型,1284.0,94.7,9.29,387.0,0.0,0.0,91.2,94.1,,,0.18,0.1318,5
D,6544e4b5000000001f03b71c,避坑❗避坑❗懂得岛台海棠角3点绝密纯干货,1852.0,96.2,2.36,148.0,0.0,0.0,79.1,87.7,,,0.12,0.1351,5
D,65582685000000003202ea19,对天发誓🔥这个L型岛台真的......,1008.0,92.1,11.26,93.0,0.0,0.0,92.7,83.4,,,0.56,0.2151,5
D,656c3832000000000602066f,"宝格丽奢石岛台🔥颜值担当,好看又实用!!",727.0,84.6,2.44,56.0,0.0,0.0,79.7,77.1,,,1.22,0.0357,5
D,658d3111000000001d037f78,都给我冲🔥爆款冷翡翠岛台!!️,564.0,72.0,2.83,53.0,0.0,0.0,81.2,75.9,,,0.71,0.0755,5
D,659bab08000000001a02a02b,小户型岛台尺寸怎么做不出错!?️,975.0,91.5,8.85,267.0,0.0,0.0,90.8,91.4,,,0.23,0.1461,5
D,65b8abf1000000002c016b7a,颜值王者🔥宝格丽奢石岛台!!️,520.0,65.9,14.3,252.0,0.0,0.0,94.1,91.1,,,0.62,0.0913,5
D,65b8adab000000002c02acdc,保姆级教程🔥伸缩岛台这样做才对...,515.0,65.3,2.5,53.0,0.0,0.0,80.2,75.9,,,0.5,0.0943,5
E,63ae5477000000001f0243c2,定制平岛台🐾餐厨一体收纳空间瞬间大3倍,2641.0,97.5,1.85,40.0,0.0,0.0,76.5,71.0,,,0.37,0.125,5
E,63b7e4590000000022038166,我不想入坑❗听了邻居的建议做餐岛分离,1269.0,94.6,1.37,13.0,0.0,0.0,72.7,40.6,,,0.46,0.2308,4
E,63bac1840000000018013e62,2025年流行款:胡桃木+劳伦黑岩板岛台🔥,17848.0,99.3,8.58,357.0,0.0,0.0,90.7,93.7,,,0.22,0.1092,5
E,63be7b190000000022039474,2023年建议做开放式厨房配中岛台❗太美了❗,911.0,90.5,0.06,16.0,0.0,0.0,31.5,46.0,,,0.03,0.125,5
E,63c663db000000001c0071fa,2023聚餐必需品:大平层岛台能容纳8-10人❗,1037.0,92.7,0.83,2.0,0.0,0.0,65.6,6.3,,,0.83,0.5,2
E,63c7b8bd000000001f00ba81,科普:西厨岛台容纳空间和收纳怎么定制❓,618.0,77.2,0.02,4.0,0.0,0.0,22.9,13.7,,,0.01,0.5,3
E,63d1e16b000000001c00586f,错位岛台要不要做❓配上亚克力脚太美了❗,804.0,87.7,1.7,218.0,0.0,0.0,75.4,90.4,,,0.1,0.078,5
E,63d20600000000001b0278c7,邻居迫不及待打开的错位岛台❗太美了❗,702.0,83.2,0.03,4.0,0.0,0.0,26.1,13.7,,,0.01,0.5,2
E,63d4e5c50000000008026233,2023开放式厨房不做伸缩岛台😭我后悔了❗,618.0,77.2,0.01,5.0,0.0,0.0,16.6,18.5,,,0.01,0.2,3
E,63e0cd980000000004007785,"如果岛台装上轮子,你会发现厨房快乐加倍❗",1789.0,96.1,0.22,28.0,0.0,0.0,46.0,63.2,,,0.06,0.1429,5
E,63e1c119000000001d020e83,2023做一款餐岛分离式的“餐桌”😍,615.0,76.9,0.01,14.0,0.0,0.0,16.6,42.3,,,0.01,0.0714,3
E,643363910000000013036c3a,高能预警🔥智能未来3.0降临餐桌岛台,318.0,47.6,2.34,6.0,0.0,0.0,78.8,22.3,,,1.17,0.3333,2
E,646dae200000000013032917,到工厂来才知道更便宜佛山源头实力岛台工厂,302.0,46.8,2.17,34.0,0.0,0.0,78.2,68.3,,,0.72,0.0882,5
E,64885b9c0000000011013a45,颠覆传统橱柜🔥藏柜里隐形餐桌岛台,625.0,77.8,0.21,26.0,0.0,0.0,44.7,61.3,,,0.07,0.1154,4
E,648ab4b30000000013006987,颠覆传统餐厨⚖️65m2怎么拥有中西厨岛台,745.0,85.7,4.45,12.0,0.0,0.0,85.3,37.8,,,1.48,0.25,3
F,63a6a53f000000001f00d5e2,传统餐桌换成岛台🎃简直不要太美!,,,,,,,,,,,,,0
F,63a6a614000000001b0271df,2023年厨房c位🎉岛台设计走进百姓户,,,,,,,,,,,,,0
F,63aa6814000000001f00b384,一招教你变豪装👀岛台定制设计🤟帮到您,,,,,,,,,,,,,0
F,63acff92000000001b014eaa,2023年装修的宝子们🥳该做个岛台啦,438.0,54.9,,,,,,,,,,,0
F,63ad6220000000001f002202,都2023年了🤔大家都劝我放弃传统餐桌,448.0,56.5,,,,,,,,,,,0
F,63b003a30000000018011e57,流行居家趋势🎊2023必火🔥大平层岛台,838.0,88.7,,,,,,,,,,,0
F,63b2a3b50000000019023267,高级感定制岩板岛台🤫 收纳功能还贼牛,476.0,60.4,,,,,,,,,,,0
F,63b412ab0000000019021b18,2023定制岛台🍁不妨先看看这篇避坑科普贴,2399.0,97.1,,,,,,,,,,,0
F,63baaf49000000001f009235,结婚了!岛台要这样子选❗,588.0,74.3,,,,,,,,,,,0
F,63bd2b0b000000001f011d2f,不做岛台不知道❗厨房餐厅还能这么美❗,845.0,88.9,,,,,,,,,,,0
C,64fbe901000000001d01424c,"8m2小厨房✅,被问爆的岛台安装&设计来啦!",827.0,88.4,0.08,22.0,1.0,1.0,33.8,56.3,0.08,0.08,0.04,0.0909,5
C,65bc60fe0000000008022950,奶呼呼的岛台太哇塞了🔥颜值扛把子!!,407.0,52.5,2.92,15.0,1.0,1.0,81.5,43.9,2.92,2.92,2.92,0.0667,4
C,69f9a0ac000000003701d937,通透又显大的开放式厨房标配岛台🤔,125.0,35.9,1.18,19.0,0.0,1.0,70.2,51.7,,1.18,0.59,0.1053,4
C,63c8d157000000001f02357d,岛台不做收纳储物真的很可惜❗再配个水槽,716.0,84.0,0.04,20.0,0.0,0.0,29.1,53.8,,,0.01,0.2,5
